<?xml version="1.0" encoding="UTF-8" standalone="yes"?>
<addon id="resource.images.weathericons.titan" name="Weather Icons - Titan" version="0.0.2" provider-name="mgonzales71">
	<extension point="kodi.resource.images" compile="true" type="weather" />
	<requires>
		<import addon="kodi.resource" version="1.0.0"/>
	</requires>
	<extension point="xbmc.addon.metadata">
		<summary lang="en">Weather Icons - Titan</summary>
		<description lang="en">Weather Icons inspired by Weather Underground for Titan Skin</description>
		<platform>all</platform>
		<license>Creative Commons Attribution 3.0</license>
		<forum></forum>
		<website></website>
		<email></email>
		<source>https://github.com/mgonzales71/resource.images.weathericons.titan/</source>
        <assets>
             <icon>icon.png</icon>
             <fanart>fanart.jpg</fanart>
             <screenshot>preview.jpg</screenshot>
         </assets>
	</extension>
</addon>
