<?xml version="1.0" encoding="UTF-8" standalone="yes"?>
<addon id="resource.images.weathericons.wur2-shadow" name="Weather Icons - WU R2 Shadow" version="1.0.1" provider-name="mgonzales71">
	<extension point="kodi.resource.images" compile="true" type="weather" />
	<requires>
		<import addon="kodi.resource" version="1.0.0"/>
	</requires>
	<extension point="xbmc.addon.metadata">
		<summary lang="en">Weather Icons - WU r2 Shadow</summary>
		<description lang="en">Weather Icons - WU r2 Shadow</description>
		<platform>all</platform>
		<license>Creative Commons Attribution 3.0</license>
		<forum></forum>
		<website></website>
		<email></email>
		<source>https://github.com/mgonzales71/resource.images.weathericons.wur2-shadow/</source>
	</extension>
</addon>
